[
  {
    "timestamp": "2025-11-14T08:00:00.000Z",
    "totalDependencies": 2,
    "changes": [
      {
        "name": "lodash",
        "version": "4.17.19",
        "type": "added",
        "scannedAt": "2025-11-14T08:00:00.000Z",
        "vulnsCount": 1,
        "remediation": "Upgrade to 4.17.21 or later"
      }
    ]
  },
  {
    "timestamp": "2025-11-14T09:44:00.913Z",
    "totalDependencies": 2,
    "changes": []
  },
  {
    "timestamp": "2025-11-14T09:44:35.073Z",
    "totalDependencies": 2,
    "changes": []
  },
  {
    "timestamp": "2025-11-14T09:45:35.086Z",
    "totalDependencies": 2,
    "changes": [
      {
        "name": "lodash",
        "version": "4.17.19",
        "type": "updated",
        "scannedAt": "2025-11-14T09:45:35.086Z",
        "vulnsCount": 2,
        "remediation": "Upgrade to 4.17.21 or later"
      }
    ]
  },
  {
    "timestamp": "2025-11-14T09:46:35.085Z",
    "totalDependencies": 2,
    "changes": []
  },
  {
    "timestamp": "2025-11-14T09:47:07.711Z",
    "totalDependencies": 3,
    "changes": [
      {
        "name": "express",
        "version": "4.18.2",
        "type": "added",
        "scannedAt": "2025-11-14T09:47:07.711Z",
        "vulnsCount": 2,
        "remediation": "Upgrade to 4.20.0 or later"
      }
    ]
  },
  {
    "timestamp": "2025-11-14T09:48:09.427Z",
    "totalDependencies": 3,
    "changes": []
  },
  {
    "timestamp": "2025-11-14T09:49:09.438Z",
    "totalDependencies": 3,
    "changes": []
  },
  {
    "timestamp": "2025-11-14T09:50:09.440Z",
    "totalDependencies": 3,
    "changes": []
  },
  {
    "timestamp": "2025-11-14T09:51:09.448Z",
    "totalDependencies": 3,
    "changes": []
  },
  {
    "timestamp": "2025-11-14T09:52:09.454Z",
    "totalDependencies": 3,
    "changes": []
  },
  {
    "timestamp": "2025-11-14T09:53:09.459Z",
    "totalDependencies": 3,
    "changes": []
  },
  {
    "timestamp": "2025-11-14T09:54:09.467Z",
    "totalDependencies": 3,
    "changes": []
  },
  {
    "timestamp": "2025-11-14T09:55:09.478Z",
    "totalDependencies": 3,
    "changes": []
  },
  {
    "timestamp": "2025-11-14T09:56:09.489Z",
    "totalDependencies": 3,
    "changes": []
  },
  {
    "timestamp": "2025-11-14T09:57:09.490Z",
    "totalDependencies": 3,
    "changes": []
  },
  {
    "timestamp": "2025-11-14T09:58:09.505Z",
    "totalDependencies": 3,
    "changes": []
  },
  {
    "timestamp": "2025-11-14T09:59:09.519Z",
    "totalDependencies": 3,
    "changes": []
  },
  {
    "timestamp": "2025-11-14T10:00:09.532Z",
    "totalDependencies": 3,
    "changes": []
  },
  {
    "timestamp": "2025-11-14T10:01:09.552Z",
    "totalDependencies": 3,
    "changes": []
  },
  {
    "timestamp": "2025-11-14T10:02:09.567Z",
    "totalDependencies": 3,
    "changes": []
  },
  {
    "timestamp": "2025-11-14T10:03:09.576Z",
    "totalDependencies": 3,
    "changes": []
  },
  {
    "timestamp": "2025-11-14T10:04:09.584Z",
    "totalDependencies": 3,
    "changes": []
  },
  {
    "timestamp": "2025-11-14T10:05:09.599Z",
    "totalDependencies": 3,
    "changes": []
  },
  {
    "timestamp": "2025-11-14T10:06:09.611Z",
    "totalDependencies": 3,
    "changes": []
  },
  {
    "timestamp": "2025-11-14T10:07:09.615Z",
    "totalDependencies": 3,
    "changes": []
  },
  {
    "timestamp": "2025-11-14T10:08:09.619Z",
    "totalDependencies": 3,
    "changes": []
  },
  {
    "timestamp": "2025-11-14T10:09:09.630Z",
    "totalDependencies": 3,
    "changes": []
  },
  {
    "timestamp": "2025-11-14T10:10:09.645Z",
    "totalDependencies": 3,
    "changes": []
  },
  {
    "timestamp": "2025-11-14T10:11:09.661Z",
    "totalDependencies": 3,
    "changes": []
  },
  {
    "timestamp": "2025-11-14T10:12:09.676Z",
    "totalDependencies": 3,
    "changes": []
  },
  {
    "timestamp": "2025-11-14T10:13:09.679Z",
    "totalDependencies": 3,
    "changes": []
  },
  {
    "timestamp": "2025-11-14T10:14:09.689Z",
    "totalDependencies": 3,
    "changes": []
  },
  {
    "timestamp": "2025-11-14T10:15:09.688Z",
    "totalDependencies": 3,
    "changes": []
  },
  {
    "timestamp": "2025-11-14T10:16:09.694Z",
    "totalDependencies": 3,
    "changes": []
  },
  {
    "timestamp": "2025-11-14T10:17:09.709Z",
    "totalDependencies": 3,
    "changes": []
  },
  {
    "timestamp": "2025-11-14T10:18:09.720Z",
    "totalDependencies": 3,
    "changes": []
  },
  {
    "timestamp": "2025-11-14T10:19:09.733Z",
    "totalDependencies": 3,
    "changes": []
  },
  {
    "timestamp": "2025-11-14T10:20:09.737Z",
    "totalDependencies": 3,
    "changes": []
  },
  {
    "timestamp": "2025-11-14T10:21:09.747Z",
    "totalDependencies": 3,
    "changes": []
  },
  {
    "timestamp": "2025-11-14T10:24:32.145Z",
    "totalDependencies": 3,
    "changes": []
  },
  {
    "timestamp": "2025-11-14T10:25:32.143Z",
    "totalDependencies": 3,
    "changes": []
  },
  {
    "timestamp": "2025-11-14T10:26:32.145Z",
    "totalDependencies": 3,
    "changes": []
  },
  {
    "timestamp": "2025-11-14T10:27:32.146Z",
    "totalDependencies": 3,
    "changes": []
  },
  {
    "timestamp": "2025-11-14T10:28:32.158Z",
    "totalDependencies": 3,
    "changes": []
  },
  {
    "timestamp": "2025-11-14T10:29:32.163Z",
    "totalDependencies": 3,
    "changes": []
  },
  {
    "timestamp": "2025-11-14T10:30:32.166Z",
    "totalDependencies": 3,
    "changes": []
  },
  {
    "timestamp": "2025-11-14T10:31:32.169Z",
    "totalDependencies": 3,
    "changes": []
  },
  {
    "timestamp": "2025-11-14T10:32:32.183Z",
    "totalDependencies": 3,
    "changes": []
  },
  {
    "timestamp": "2025-11-14T10:33:32.195Z",
    "totalDependencies": 3,
    "changes": []
  },
  {
    "timestamp": "2025-11-14T10:34:32.201Z",
    "totalDependencies": 3,
    "changes": []
  },
  {
    "timestamp": "2025-11-14T10:35:32.211Z",
    "totalDependencies": 3,
    "changes": []
  },
  {
    "timestamp": "2025-11-14T10:36:32.221Z",
    "totalDependencies": 3,
    "changes": []
  },
  {
    "timestamp": "2025-11-14T10:37:32.226Z",
    "totalDependencies": 3,
    "changes": []
  },
  {
    "timestamp": "2025-11-14T10:38:32.229Z",
    "totalDependencies": 3,
    "changes": []
  },
  {
    "timestamp": "2025-11-14T10:39:32.232Z",
    "totalDependencies": 3,
    "changes": []
  },
  {
    "timestamp": "2025-11-14T10:40:32.242Z",
    "totalDependencies": 3,
    "changes": []
  },
  {
    "timestamp": "2025-11-14T10:41:32.257Z",
    "totalDependencies": 3,
    "changes": []
  },
  {
    "timestamp": "2025-11-14T10:42:32.273Z",
    "totalDependencies": 3,
    "changes": []
  },
  {
    "timestamp": "2025-11-14T10:43:32.269Z",
    "totalDependencies": 3,
    "changes": []
  },
  {
    "timestamp": "2025-11-14T10:44:32.292Z",
    "totalDependencies": 3,
    "changes": []
  },
  {
    "timestamp": "2025-11-14T10:45:32.301Z",
    "totalDependencies": 3,
    "changes": []
  },
  {
    "timestamp": "2025-11-14T10:46:32.302Z",
    "totalDependencies": 3,
    "changes": []
  },
  {
    "timestamp": "2025-11-14T10:47:32.308Z",
    "totalDependencies": 3,
    "changes": []
  },
  {
    "timestamp": "2025-11-14T10:48:32.318Z",
    "totalDependencies": 3,
    "changes": []
  },
  {
    "timestamp": "2025-11-14T10:49:32.321Z",
    "totalDependencies": 3,
    "changes": []
  },
  {
    "timestamp": "2025-11-14T10:50:32.332Z",
    "totalDependencies": 3,
    "changes": []
  },
  {
    "timestamp": "2025-11-14T10:51:32.333Z",
    "totalDependencies": 3,
    "changes": []
  },
  {
    "timestamp": "2025-11-14T10:52:32.333Z",
    "totalDependencies": 3,
    "changes": []
  },
  {
    "timestamp": "2025-11-14T10:53:32.334Z",
    "totalDependencies": 3,
    "changes": []
  },
  {
    "timestamp": "2025-11-14T10:54:32.334Z",
    "totalDependencies": 3,
    "changes": []
  },
  {
    "timestamp": "2025-11-14T10:55:32.349Z",
    "totalDependencies": 3,
    "changes": []
  },
  {
    "timestamp": "2025-11-14T10:56:32.348Z",
    "totalDependencies": 3,
    "changes": []
  },
  {
    "timestamp": "2025-11-14T10:57:32.359Z",
    "totalDependencies": 3,
    "changes": []
  },
  {
    "timestamp": "2025-11-14T10:57:38.185Z",
    "totalDependencies": 3,
    "changes": []
  },
  {
    "timestamp": "2025-11-14T10:58:38.198Z",
    "totalDependencies": 3,
    "changes": []
  },
  {
    "timestamp": "2025-11-14T11:01:26.104Z",
    "totalDependencies": 3,
    "changes": []
  },
  {
    "timestamp": "2025-11-14T11:01:57.285Z",
    "totalDependencies": 3,
    "changes": []
  },
  {
    "timestamp": "2025-11-14T11:02:15.934Z",
    "totalDependencies": 3,
    "changes": []
  },
  {
    "timestamp": "2025-11-14T11:03:15.959Z",
    "totalDependencies": 3,
    "changes": []
  },
  {
    "timestamp": "2025-11-14T11:04:15.964Z",
    "totalDependencies": 3,
    "changes": []
  },
  {
    "timestamp": "2025-11-14T11:05:15.967Z",
    "totalDependencies": 3,
    "changes": []
  },
  {
    "timestamp": "2025-11-14T11:06:03.359Z",
    "totalDependencies": 3,
    "changes": []
  },
  {
    "timestamp": "2025-11-14T11:07:03.383Z",
    "totalDependencies": 3,
    "changes": []
  },
  {
    "timestamp": "2025-11-14T11:08:03.392Z",
    "totalDependencies": 3,
    "changes": []
  },
  {
    "timestamp": "2025-11-14T11:09:03.395Z",
    "totalDependencies": 3,
    "changes": []
  },
  {
    "timestamp": "2025-11-14T11:10:03.404Z",
    "totalDependencies": 3,
    "changes": []
  },
  {
    "timestamp": "2025-11-14T11:11:03.407Z",
    "totalDependencies": 3,
    "changes": []
  },
  {
    "timestamp": "2025-11-14T11:12:03.419Z",
    "totalDependencies": 3,
    "changes": []
  },
  {
    "timestamp": "2025-11-14T11:13:03.426Z",
    "totalDependencies": 3,
    "changes": []
  },
  {
    "timestamp": "2025-11-14T11:14:03.427Z",
    "totalDependencies": 3,
    "changes": []
  },
  {
    "timestamp": "2025-11-14T11:15:03.434Z",
    "totalDependencies": 3,
    "changes": []
  },
  {
    "timestamp": "2025-11-14T11:16:03.450Z",
    "totalDependencies": 3,
    "changes": [
      {
        "name": "lodash",
        "version": "4.17.21",
        "type": "updated",
        "scannedAt": "2025-11-14T11:16:03.450Z",
        "vulnsCount": 0,
        "remediation": null
      }
    ]
  },
  {
    "timestamp": "2025-11-14T11:17:03.442Z",
    "totalDependencies": 3,
    "changes": []
  },
  {
    "timestamp": "2025-11-14T11:18:03.443Z",
    "totalDependencies": 3,
    "changes": []
  },
  {
    "timestamp": "2025-11-14T11:19:03.459Z",
    "totalDependencies": 3,
    "changes": []
  },
  {
    "timestamp": "2025-11-14T11:20:03.473Z",
    "totalDependencies": 3,
    "changes": []
  },
  {
    "timestamp": "2025-11-14T11:21:03.479Z",
    "totalDependencies": 3,
    "changes": []
  },
  {
    "timestamp": "2025-11-14T11:22:03.479Z",
    "totalDependencies": 3,
    "changes": []
  },
  {
    "timestamp": "2025-11-14T11:23:03.488Z",
    "totalDependencies": 3,
    "changes": []
  },
  {
    "timestamp": "2025-11-14T11:24:03.488Z",
    "totalDependencies": 3,
    "changes": []
  },
  {
    "timestamp": "2025-11-14T11:25:03.488Z",
    "totalDependencies": 3,
    "changes": []
  },
  {
    "timestamp": "2025-11-14T11:26:03.495Z",
    "totalDependencies": 3,
    "changes": []
  },
  {
    "timestamp": "2025-11-14T11:27:03.509Z",
    "totalDependencies": 3,
    "changes": []
  },
  {
    "timestamp": "2025-11-14T11:28:03.509Z",
    "totalDependencies": 3,
    "changes": []
  },
  {
    "timestamp": "2025-11-14T11:29:03.523Z",
    "totalDependencies": 3,
    "changes": []
  },
  {
    "timestamp": "2025-11-14T11:30:03.537Z",
    "totalDependencies": 3,
    "changes": []
  },
  {
    "timestamp": "2025-11-14T11:31:03.539Z",
    "totalDependencies": 3,
    "changes": []
  },
  {
    "timestamp": "2025-11-14T11:32:03.548Z",
    "totalDependencies": 3,
    "changes": []
  },
  {
    "timestamp": "2025-11-14T11:33:03.558Z",
    "totalDependencies": 3,
    "changes": []
  },
  {
    "timestamp": "2025-11-14T11:34:03.571Z",
    "totalDependencies": 3,
    "changes": []
  },
  {
    "timestamp": "2025-11-14T11:35:03.586Z",
    "totalDependencies": 3,
    "changes": []
  },
  {
    "timestamp": "2025-11-14T11:36:03.597Z",
    "totalDependencies": 3,
    "changes": []
  },
  {
    "timestamp": "2025-11-14T11:37:03.612Z",
    "totalDependencies": 3,
    "changes": []
  },
  {
    "timestamp": "2025-11-14T11:38:03.618Z",
    "totalDependencies": 3,
    "changes": []
  },
  {
    "timestamp": "2025-11-14T11:39:03.624Z",
    "totalDependencies": 3,
    "changes": []
  },
  {
    "timestamp": "2025-11-14T11:40:03.637Z",
    "totalDependencies": 3,
    "changes": []
  },
  {
    "timestamp": "2025-11-14T11:41:03.642Z",
    "totalDependencies": 3,
    "changes": []
  },
  {
    "timestamp": "2025-11-14T11:42:03.650Z",
    "totalDependencies": 3,
    "changes": []
  },
  {
    "timestamp": "2025-11-14T11:43:03.665Z",
    "totalDependencies": 3,
    "changes": []
  },
  {
    "timestamp": "2025-11-14T11:44:03.670Z",
    "totalDependencies": 3,
    "changes": []
  },
  {
    "timestamp": "2025-11-14T11:45:03.673Z",
    "totalDependencies": 3,
    "changes": []
  },
  {
    "timestamp": "2025-11-14T11:46:03.686Z",
    "totalDependencies": 3,
    "changes": []
  }
]